metric,epoch-1,epoch-2,epoch-3
f1_weighted,0.5802334547042847,0.5923773050308228,0.5795707702636719
f1_macro,0.5830080509185791,0.595919132232666,0.5797817707061768
precision_weighted,0.5809334516525269,0.634390115737915,0.6159775853157043
precision_macro,0.5809640884399414,0.6302313804626465,0.6123077273368835
recall_weighted,0.5833333730697632,0.6145833730697632,0.59375
recall_macro,0.5888888835906982,0.6215007305145264,0.5947330594062805
loss,1.0411927302678425,0.9121820330619812,0.9474751651287079
