metric,epoch-1,epoch-2,epoch-3
f1_weighted,0.5614685416221619,0.6118538975715637,0.5407705903053284
f1_macro,0.5706893801689148,0.6207054257392883,0.5454334616661072
precision_weighted,0.5751875638961792,0.6365292072296143,0.5618489384651184
precision_macro,0.5737013816833496,0.632544994354248,0.5624999403953552
recall_weighted,0.5729166865348816,0.625,0.5520833730697632
recall_macro,0.5919380784034729,0.6440706253051758,0.5581385493278503
loss,1.019509216149648,0.9010015527407328,0.9434761504332224
