metric,epoch-1,epoch-2,epoch-3,epoch-4,epoch-5,epoch-6,epoch-7,epoch-8,epoch-9,epoch-10
f1_weighted,0.5612112283706665,0.5934545993804932,0.6060836315155029,0.6101190447807312,0.6177281737327576,0.5998877882957458,0.6151357293128967,0.6144497990608215,0.6231729388237,0.6064443588256836
f1_macro,0.5602417588233948,0.6009567379951477,0.6121393442153931,0.6120545864105225,0.6223066449165344,0.601571261882782,0.6224377155303955,0.6132478713989258,0.6227085590362549,0.604935884475708
precision_weighted,0.591152012348175,0.6196185350418091,0.6270254850387573,0.6288061141967773,0.6341869831085205,0.6055245399475098,0.6333634257316589,0.6177245378494263,0.6266645193099976,0.621180534362793
precision_macro,0.58980393409729,0.612564742565155,0.6203703880310059,0.6252913475036621,0.6299186944961548,0.6025009155273438,0.6288269758224487,0.6213352680206299,0.6314208507537842,0.6166666746139526
recall_weighted,0.5729166865348816,0.6041666865348816,0.6145833134651184,0.6145833134651184,0.625,0.6041666865348816,0.625,0.6145833730697632,0.625,0.6145833730697632
recall_macro,0.5707175731658936,0.6265881061553955,0.6328776478767395,0.6198155879974365,0.6364476084709167,0.6097146272659302,0.6429786682128906,0.6089165806770325,0.6201096177101135,0.6143766045570374
loss,1.1933871706326802,1.0808387498060863,1.015501230955124,1.0766635636488597,1.0798774361610413,1.139307588338852,1.2259503901004791,1.285483330488205,1.3712995549043019,1.4404120941956837
