metric,epoch-1,epoch-2,epoch-3,epoch-4,epoch-5,epoch-6,epoch-7,epoch-8,epoch-9,epoch-10
f1_weighted,0.5690019130706787,0.5909838080406189,0.5951568484306335,0.5948656797409058,0.5790193676948547,0.5815390944480896,0.6192017793655396,0.5868968963623047,0.5851883888244629,0.5819410681724548
f1_macro,0.5733478665351868,0.5916188359260559,0.5986143946647644,0.594470202922821,0.5791245698928833,0.5794789791107178,0.6199443936347961,0.5850041508674622,0.5834420323371887,0.5800333023071289
precision_weighted,0.5935235619544983,0.6079143285751343,0.6060456037521362,0.6155290007591248,0.5797405242919922,0.5821736454963684,0.6336524486541748,0.5976173877716064,0.5887609720230103,0.581833004951477
precision_macro,0.5985507369041443,0.6019765138626099,0.6031960248947144,0.6137115955352783,0.5802316069602966,0.5789251327514648,0.6283998489379883,0.5962166786193848,0.5873433351516724,0.5789613723754883
recall_weighted,0.5729166865348816,0.59375,0.6041666269302368,0.6041666865348816,0.5833333134651184,0.5833333730697632,0.625,0.5833333134651184,0.5833333134651184,0.5833333730697632
recall_macro,0.5757575631141663,0.6013708114624023,0.6138527989387512,0.6036796569824219,0.5829004049301147,0.5823231935501099,0.6310966610908508,0.58059161901474,0.5811688303947449,0.5823231935501099
loss,1.2050797939300537,1.1093052824338276,1.059161643187205,1.1171818176905315,1.1866380671660106,1.2904628415902455,1.329773445924123,1.4824596146742504,1.553601344426473,1.5686775644620259
