metric,epoch-1,epoch-2,epoch-3,epoch-4,epoch-5
f1_weighted,0.7824620604515076,0.8071253299713135,0.7957931756973267,0.831894040107727,0.8014559745788574
f1_macro,0.753781259059906,0.7797603607177734,0.7734219431877136,0.8063259124755859,0.7605466246604919
precision_weighted,0.7955232262611389,0.8148249983787537,0.8242241144180298,0.8353793621063232,0.8039709329605103
precision_macro,0.7460809350013733,0.7719288468360901,0.7671935558319092,0.8001149296760559,0.7900047302246094
recall_weighted,0.777126133441925,0.803519070148468,0.7888562679290771,0.829912006855011,0.8093841671943665
recall_macro,0.7709755301475525,0.7927137613296509,0.8053793907165527,0.814452052116394,0.7451826333999634
loss,0.6997225988994945,0.6298969455740668,0.6055449748581107,0.6073021062395789,0.7876545190811157
