metric,epoch-1,epoch-2,epoch-3,epoch-4,epoch-5
f1_weighted,0.7621020078659058,0.8041054010391235,0.7883687019348145,0.8257033824920654,0.8481189012527466
f1_macro,0.7361111640930176,0.7813764810562134,0.7683408260345459,0.80307537317276,0.8178137540817261
precision_weighted,0.7881569266319275,0.8247978091239929,0.8276304602622986,0.8373376131057739,0.852834939956665
precision_macro,0.7312795519828796,0.7733026742935181,0.7663358449935913,0.7936502695083618,0.8502581715583801
recall_weighted,0.7543860077857971,0.7982455492019653,0.780701756477356,0.8216373920440674,0.8538011908531189
recall_macro,0.7627361416816711,0.8073772192001343,0.8073374629020691,0.8218532800674438,0.799443244934082
loss,0.7247061295942827,0.6437505036592484,0.6257585490291769,0.5892861553213813,0.6611818427389319
