metric,epoch-1,epoch-2,epoch-3,epoch-4,epoch-5
f1_weighted,0.2807059586048126,0.31068143248558044,0.29951485991477966,0.29805877804756165,0.29776614904403687
f1_macro,0.2796722948551178,0.3116496801376343,0.29519206285476685,0.28695839643478394,0.28644949197769165
precision_weighted,0.29643911123275757,0.31560471653938293,0.3010466992855072,0.2983878552913666,0.29793116450309753
precision_macro,0.28911519050598145,0.3123376667499542,0.2958602011203766,0.2875092327594757,0.28803715109825134
recall_weighted,0.28125,0.3125,0.3020833432674408,0.3020833134651184,0.3020833432674408
recall_macro,0.2857472896575928,0.3176778256893158,0.2983262836933136,0.29070329666137695,0.289611279964447
loss,1.0999186237653096,1.0987016161282857,1.0979432264963787,1.0972508390744526,1.0966436465581257
