metric,epoch-1,epoch-2,epoch-3,epoch-4,epoch-5
f1_weighted,0.37443891167640686,0.39751243591308594,0.4072873592376709,0.3933555483818054,0.3911401629447937
f1_macro,0.3723653256893158,0.39253732562065125,0.40235820412635803,0.3860406279563904,0.384809285402298
precision_weighted,0.3819887638092041,0.4017820954322815,0.40875759720802307,0.39237216114997864,0.390290766954422
precision_macro,0.3771708905696869,0.39505720138549805,0.4036274552345276,0.38633546233177185,0.3864527642726898
recall_weighted,0.375,0.3958333432674408,0.40625,0.3958333432674408,0.3958333432674408
recall_macro,0.37532466650009155,0.39256855845451355,0.4015151858329773,0.38722947239875793,0.38722947239875793
loss,1.096485475699107,1.0954537789026897,1.0952966809272766,1.0959378480911255,1.0961877504984539
