metric,epoch-1,epoch-2,epoch-3,epoch-4,epoch-5
f1_weighted,0.6853449940681458,0.7229675650596619,0.7456167936325073,0.7377519607543945,0.7392187714576721
f1_macro,0.688970685005188,0.7241747379302979,0.744983434677124,0.7363662123680115,0.7376634478569031
precision_weighted,0.6990690231323242,0.727224588394165,0.7464468479156494,0.7394960522651672,0.7393337488174438
precision_macro,0.6960237622261047,0.7249138355255127,0.7445781826972961,0.7390554547309875,0.7382782697677612
recall_weighted,0.6919917464256287,0.7248460054397583,0.7453798055648804,0.7371662855148315,0.7392197847366333
recall_macro,0.7021645307540894,0.7294677495956421,0.7460175156593323,0.734782338142395,0.7371647953987122
loss,0.7796090319905683,0.6841292000649156,0.6788780935246352,0.726654607106528,0.7605866838774397
