metric,epoch-1,epoch-2,epoch-3,epoch-4,epoch-5
f1_weighted,0.6393514275550842,0.7044131755828857,0.7341585159301758,0.7313059568405151,0.739397406578064
f1_macro,0.6409555077552795,0.7022472620010376,0.7302769422531128,0.7272046208381653,0.7348594665527344
precision_weighted,0.6698954105377197,0.7116247415542603,0.7379005551338196,0.7328288555145264,0.7398178577423096
precision_macro,0.6580952405929565,0.7037631273269653,0.7299720644950867,0.7284663319587708,0.7343018054962158
recall_weighted,0.6427104473114014,0.7043121457099915,0.7330595850944519,0.7310061454772949,0.7392196655273438
recall_macro,0.6573178768157959,0.7075566053390503,0.7333416938781738,0.7271366715431213,0.7356486320495605
loss,0.8290495266659793,0.7320565260656071,0.729844941985191,0.7632607630390895,0.7966321854865527
