metric,epoch-1,epoch-2,epoch-3,epoch-4,epoch-5
f1_weighted,0.45531415939331055,0.549413800239563,0.5846884250640869,0.5814911723136902,0.5905873775482178
f1_macro,0.4645283818244934,0.5454316735267639,0.5902814269065857,0.5784369707107544,0.5882469415664673
precision_weighted,0.6622080206871033,0.5649997591972351,0.587500810623169,0.586728572845459,0.5900440812110901
precision_macro,0.6452019810676575,0.5674564838409424,0.588528573513031,0.5879526734352112,0.5891574025154114
recall_weighted,0.5,0.5520833134651184,0.59375,0.5833333730697632,0.59375
recall_macro,0.5288599729537964,0.542496383190155,0.6037517786026001,0.5764068961143494,0.590043306350708
loss,1.0611541867256165,0.9539205431938171,0.857000450293223,0.9565291404724121,0.9935698807239532
