metric,epoch-1,epoch-2,epoch-3,epoch-4,epoch-5
f1_weighted,0.4627518653869629,0.5369970202445984,0.6187202334403992,0.5403814911842346,0.6447961330413818
f1_macro,0.4689972400665283,0.5291380882263184,0.6230683326721191,0.5293771028518677,0.64971524477005
precision_weighted,0.671875,0.53805011510849,0.6430845260620117,0.5496935844421387,0.644342303276062
precision_macro,0.6401709318161011,0.5353430509567261,0.6342592835426331,0.5500748157501221,0.6477124094963074
recall_weighted,0.4791666567325592,0.5416666865348816,0.625,0.5520833134651184,0.6458333134651184
recall_macro,0.5173670053482056,0.5295155048370361,0.6418866515159607,0.5330855250358582,0.652281641960144
loss,1.0655771493911743,0.9549223979314169,0.8270236253738403,0.9425349831581116,0.8645244538784027
